/wiki/Blake_Richards	Blake Richards	Conservative	/wiki/Banff%E2%80%94Airdrie	Banff�Airdrie
/wiki/Damien_Kurek	Damien Kurek	Conservative	/wiki/Battle_River%E2%80%94Crowfoot	Battle River�Crowfoot
/wiki/Martin_Shields	Martin Shields	Conservative	/wiki/Bow_River_(electoral_district)	Bow River
/wiki/Greg_McLean_(politician)	Greg McLean	Conservative	/wiki/Calgary_Centre	Calgary Centre
/wiki/Len_Webber	Len Webber	Conservative	/wiki/Calgary_Confederation	Calgary Confederation
/wiki/Jasraj_Hallan	Jasraj Hallan	Conservative	/wiki/Calgary_Forest_Lawn	Calgary Forest Lawn
/wiki/Bob_Benzen	Bob Benzen	Conservative	/wiki/Calgary_Heritage	Calgary Heritage
/wiki/Stephanie_Kusie	Stephanie Kusie	Conservative	/wiki/Calgary_Midnapore	Calgary Midnapore
/wiki/Michelle_Rempel_Garner	Michelle Rempel Garner	Conservative	/wiki/Calgary_Nose_Hill	Calgary Nose Hill
/wiki/Pat_Kelly_(politician)	Pat Kelly	Conservative	/wiki/Calgary_Rocky_Ridge	Calgary Rocky Ridge
/wiki/Tom_Kmiec	Tom Kmiec	Conservative	/wiki/Calgary_Shepard	Calgary Shepard
/wiki/Ron_Liepert	Ron Liepert	Conservative	/wiki/Calgary_Signal_Hill	Calgary Signal Hill
/wiki/Jag_Sahota	Jag Sahota	Conservative	/wiki/Calgary_Skyview	Calgary Skyview
/wiki/James_Cumming_(Canadian_politician)	James Cumming	Conservative	/wiki/Edmonton_Centre	Edmonton Centre
/wiki/Kerry_Diotte	Kerry Diotte	Conservative	/wiki/Edmonton_Griesbach	Edmonton Griesbach
/wiki/Ziad_Aboultaif	Ziad Aboultaif	Conservative	/wiki/Edmonton_Manning	Edmonton Manning
/wiki/Tim_Uppal	Tim Uppal	Conservative	/wiki/Edmonton_Mill_Woods	Edmonton Mill Woods
/wiki/Matt_Jeneroux	Matt Jeneroux	Conservative	/wiki/Edmonton_Riverbend	Edmonton Riverbend
/wiki/Heather_McPherson_(politician)	Heather McPherson	New Democratic	/wiki/Edmonton_Strathcona	Edmonton Strathcona
/wiki/Kelly_McCauley	Kelly McCauley	Conservative	/wiki/Edmonton_West	Edmonton West
/wiki/Mike_Lake_(politician)	Mike Lake	Conservative	/wiki/Edmonton%E2%80%94Wetaskiwin	Edmonton�Wetaskiwin
/wiki/John_Barlow_(Canadian_politician)	John Barlow	Conservative	/wiki/Foothills_(electoral_district)	Foothills
/wiki/David_Yurdiga	David Yurdiga	Conservative	/wiki/Fort_McMurray%E2%80%94Cold_Lake	Fort McMurray�Cold Lake
/wiki/Chris_Warkentin	Chris Warkentin	Conservative	/wiki/Grande_Prairie%E2%80%94Mackenzie	Grande Prairie�Mackenzie
/wiki/Shannon_Stubbs	Shannon Stubbs	Conservative	/wiki/Lakeland_(electoral_district)	Lakeland
/wiki/Rachael_Harder	Rachael Harder	Conservative	/wiki/Lethbridge_(electoral_district)	Lethbridge
/wiki/Glen_Motz	Glen Motz	Conservative	/wiki/Medicine_Hat%E2%80%94Cardston%E2%80%94Warner	Medicine Hat�Cardston�Warner
/wiki/Arnold_Viersen	Arnold Viersen	Conservative	/wiki/Peace_River%E2%80%94Westlock	Peace River�Westlock
/wiki/Blaine_Calkins	Blaine Calkins	Conservative	/wiki/Red_Deer%E2%80%94Lacombe	Red Deer�Lacombe
/wiki/Earl_Dreeshen	Earl Dreeshen	Conservative	/wiki/Red_Deer%E2%80%94Mountain_View	Red Deer�Mountain View
/wiki/Garnett_Genuis	Garnett Genuis	Conservative	/wiki/Sherwood_Park%E2%80%94Fort_Saskatchewan	Sherwood Park�Fort Saskatchewan
/wiki/Michael_Cooper_(politician)	Michael Cooper	Conservative	/wiki/St._Albert%E2%80%94Edmonton	St. Albert�Edmonton
/wiki/Dane_Lloyd	Dane Lloyd	Conservative	/wiki/Sturgeon_River%E2%80%94Parkland	Sturgeon River�Parkland
/wiki/Gerald_Soroka	Gerald Soroka	Conservative	/wiki/Yellowhead_(electoral_district)	Yellowhead
/wiki/Ed_Fast	Ed Fast	Conservative	/wiki/Abbotsford_(electoral_district)	Abbotsford
/wiki/Terry_Beech	Terry Beech Liberal	/wiki/Burnaby_North%E2%80%94Seymour Burnaby North-Seymour
/wiki/Jagmeet_Singh	Jagmeet Singh	New Democratic	/wiki/Burnaby_South	Burnaby South
/wiki/Todd_Doherty	Todd Doherty	Conservative	/wiki/Cariboo%E2%80%94Prince_George	Cariboo-Prince George
/wiki/Dan_Albas	Dan Albas	Conservative	/wiki/Central_Okanagan%E2%80%94Similkameen%E2%80%94Nicola	Central Okanagan�Similkameen�Nicola
/wiki/Mark_Strahl	Mark Strahl	Conservative	/wiki/Chilliwack%E2%80%94Hope	Chilliwack�Hope
/wiki/Tamara_Jansen	Tamara Jansen	Conservative	/wiki/Cloverdale%E2%80%94Langley_City	Cloverdale�Langley City
/wiki/Ron_McKinnon	Ron McKinnon	Liberal	/wiki/Coquitlam%E2%80%94Port_Coquitlam	Coquitlam�Port Coquitlam
/wiki/Gord_Johns	Gord Johns	New Democratic	/wiki/Courtenay%E2%80%94Alberni	Courtenay�Alberni
/wiki/Alistair_MacGregor	Alistair MacGregor	New Democratic	/wiki/Cowichan%E2%80%94Malahat%E2%80%94Langford	Cowichan�Malahat�Langford
/wiki/Carla_Qualtrough	Carla Qualtrough	Liberal	/wiki/Delta_(electoral_district)	Delta
/wiki/Randall_Garrison	Randall Garrison	New Democratic	/wiki/Esquimalt%E2%80%94Saanich%E2%80%94Sooke	Esquimalt�Saanich�Sooke
/wiki/Ken_Hardie	Ken Hardie	Liberal	/wiki/Fleetwood%E2%80%94Port_Kells	Fleetwood�Port Kells
/wiki/Cathy_McLeod	Cathy McLeod	Conservative	/wiki/Kamloops%E2%80%94Thompson%E2%80%94Cariboo	Kamloops�Thompson�Cariboo
/wiki/Tracy_Gray	Tracy Gray	Conservative	/wiki/Kelowna%E2%80%94Lake_Country	Kelowna�Lake Country
/wiki/Rob_Morrison_(politician)	Rob Morrison	Conservative	/wiki/Kootenay%E2%80%94Columbia	Kootenay�Columbia
/wiki/Tako_van_Popta	Tako van Popta	Conservative	/wiki/Langley%E2%80%94Aldergrove	Langley�Aldergrove
/wiki/Brad_Vis	Brad Vis	Conservative	/wiki/Mission%E2%80%94Matsqui%E2%80%94Fraser_Canyon	Mission�Matsqui�Fraser Canyon
/wiki/Paul_Manly	Paul Manly	/wiki/Green_Party_of_Canada	Green	/wiki/Nanaimo%E2%80%94Ladysmith	Nanaimo�Ladysmith
/wiki/Peter_Julian	Peter Julian	New Democratic	/wiki/New_Westminster%E2%80%94Burnaby	New Westminster�Burnaby
/wiki/Rachel_Blaney	Rachel Blaney	New Democratic	/wiki/North_Island%E2%80%94Powell_River	North Island�Powell River
/wiki/Mel_Arnold	Mel Arnold	Conservative	/wiki/North_Okanagan%E2%80%94Shuswap	North Okanagan�Shuswap
/wiki/Jonathan_Wilkinson	Jonathan Wilkinson	Liberal	/wiki/North_Vancouver_(electoral_district)	North Vancouver
/wiki/Marc_Dalton	Marc Dalton	Conservative	/wiki/Pitt_Meadows%E2%80%94Maple_Ridge	Pitt Meadows�Maple Ridge
/wiki/Nelly_Shin	Nelly Shin	Conservative	/wiki/Port_Moody%E2%80%94Coquitlam	Port Moody�Coquitlam
/wiki/Bob_Zimmer	Bob Zimmer	Conservative	/wiki/Prince_George%E2%80%94Peace_River%E2%80%94Northern_Rockies	Prince George�Peace River�Northern Rockies
/wiki/Alice_Wong	Alice Wong	Conservative	/wiki/Richmond_Centre_(electoral_district)	Richmond Centre
/wiki/Elizabeth_May	Elizabeth May	Green	/wiki/Saanich%E2%80%94Gulf_Islands	Saanich�Gulf Islands
/wiki/Taylor_Bachrach	Taylor Bachrach	New Democratic	/wiki/Skeena%E2%80%94Bulkley_Valley	Skeena�Bulkley Valley
/wiki/Richard_Cannings_(British_Columbia_politician)	Richard Cannings	New Democratic	/wiki/South_Okanagan%E2%80%94West_Kootenay	South Okanagan�West Kootenay
/wiki/Kerry-Lynne_Findlay	Kerry-Lynne Findlay	Conservative	/wiki/South_Surrey%E2%80%94White_Rock	South Surrey�White Rock
/wiki/Kenny_Chiu	Kenny Chiu	Conservative	/wiki/Steveston%E2%80%94Richmond_East	Steveston�Richmond East
/wiki/Randeep_Sarai	Randeep Sarai	Liberal	/wiki/Surrey_Centre	Surrey Centre
/wiki/Sukh_Dhaliwal	Sukh Dhaliwal	Liberal	/wiki/Surrey%E2%80%94Newton	Surrey�Newton
/wiki/Hedy_Fry	Hedy Fry	Liberal	/wiki/Vancouver_Centre	Vancouver Centre
/wiki/Jenny_Kwan	Jenny Kwan	New Democratic	/wiki/Vancouver_East	Vancouver East
/wiki/Jody_Wilson-Raybould	Jody Wilson-Raybould	Independent	/wiki/Vancouver_Granville	Vancouver Granville
/wiki/Don_Davies	Don Davies	New Democratic	/wiki/Vancouver_Kingsway	Vancouver Kingsway
/wiki/Joyce_Murray	Joyce Murray	Liberal	/wiki/Vancouver_Quadra	Vancouver Quadra
/wiki/Harjit_Sajjan	Harjit Sajjan	Liberal	/wiki/Vancouver_South	Vancouver South
/wiki/Laurel_Collins	Laurel Collins	New Democratic	/wiki/Victoria_(electoral_district)	Victoria
/wiki/Patrick_Weiler	Patrick Weiler	Liberal	/wiki/West_Vancouver%E2%80%94Sunshine_Coast%E2%80%94Sea_to_Sky_Country	West Vancouver�Sunshine Coast�Sea to Sky Country
/wiki/Larry_Maguire	Larry Maguire	/wiki/Conservative_Party_of_Canada	Conservative	/wiki/Brandon%E2%80%94Souris	Brandon�Souris
/wiki/Marty_Morantz	Marty Morantz	Conservative	/wiki/Charleswood%E2%80%94St._James%E2%80%94Assiniboia%E2%80%94Headingley	Charleswood�St. James�Assiniboia�Headingley
/wiki/Niki_Ashton	Niki Ashton	/wiki/New_Democratic_Party	New Democratic	/wiki/Churchill%E2%80%94Keewatinook_Aski	Churchill�Keewatinook Aski
/wiki/Dan_Mazier	Dan Mazier	Conservative	/wiki/Dauphin%E2%80%94Swan_River%E2%80%94Neepawa	Dauphin�Swan River�Neepawa
/wiki/Daniel_Blaikie	Daniel Blaikie	New Democratic	/wiki/Elmwood%E2%80%94Transcona	Elmwood�Transcona
/wiki/Raquel_Dancho	Raquel Dancho	Conservative	/wiki/Kildonan%E2%80%94St._Paul	Kildonan�St. Paul
/wiki/Candice_Bergen_(politician)	Candice Bergen	Conservative	/wiki/Portage%E2%80%94Lisgar	Portage�Lisgar
/wiki/Ted_Falk	Ted Falk	Conservative	/wiki/Provencher	Provencher
/wiki/Dan_Vandal	Dan Vandal	/wiki/Liberal_Party_of_Canada	Liberal	/wiki/Saint_Boniface%E2%80%94Saint_Vital	Saint Boniface�Saint Vital
/wiki/James_Bezan	James Bezan	Conservative	/wiki/Selkirk%E2%80%94Interlake%E2%80%94Eastman	Selkirk�Interlake�Eastman
/wiki/Leah_Gazan	Leah Gazan	New Democratic	/wiki/Winnipeg_Centre	Winnipeg Centre
/wiki/Kevin_Lamoureux	Kevin Lamoureux	Liberal	/wiki/Winnipeg_North	Winnipeg North
/wiki/Terry_Duguid	Terry Duguid	Liberal	/wiki/Winnipeg_South	Winnipeg South
/wiki/Jim_Carr	Jim Carr	Liberal	/wiki/Winnipeg_South_Centre	Winnipeg South Centre
/wiki/Serge_Cormier	Serge Cormier	/wiki/Liberal_Party_of_Canada	Liberal	/wiki/Acadie%E2%80%94Bathurst	Acadie�Bathurst
/wiki/Dominic_LeBlanc	Dominic LeBlanc	Liberal	/wiki/Beaus%C3%A9jour_(electoral_district)	Beaus�jour
/wiki/Jenica_Atwin	Jenica Atwin	Liberal	/wiki/Fredericton_(electoral_district)	Fredericton (electoral district)		
/wiki/Rob_Moore_(politician)	Rob Moore	Conservative	/wiki/Fundy_Royal	Fundy Royal
/wiki/Ren%C3%A9_Arseneault	Ren� Arseneault	Liberal	/wiki/Madawaska%E2%80%94Restigouche	Madawaska�Restigouche
/wiki/Pat_Finnigan	Pat Finnigan	Liberal	/wiki/Miramichi%E2%80%94Grand_Lake	Miramichi�Grand Lake
/wiki/Ginette_Petitpas_Taylor	Ginette Petitpas Taylor	Liberal	/wiki/Moncton%E2%80%94Riverview%E2%80%94Dieppe	Moncton�Riverview�Dieppe
/wiki/John_Williamson_(Canadian_politician)	John Williamson	Conservative	/wiki/New_Brunswick_Southwest	New Brunswick Southwest
/wiki/Wayne_Long	Wayne Long	Liberal	/wiki/Saint_John%E2%80%94Rothesay	Saint John�Rothesay
/wiki/Richard_Bragdon	Richard Bragdon	Conservative	/wiki/Tobique%E2%80%94Mactaquac	Tobique�Mactaquac
/wiki/Ken_McDonald_(politician)	Ken McDonald	/wiki/Liberal_Party_of_Canada	Liberal	/wiki/Avalon_(electoral_district)	Avalon
/wiki/Churence_Rogers	Churence Rogers	Liberal	/wiki/Bonavista%E2%80%94Burin%E2%80%94Trinity	Bonavista�Burin�Trinity
/wiki/Scott_Simms	Scott Simms	Liberal	/wiki/Coast_of_Bays%E2%80%94Central%E2%80%94Notre_Dame	Coast of Bays�Central�Notre Dame
/wiki/Yvonne_Jones	Yvonne Jones	Liberal	/wiki/Labrador_(electoral_district)	Labrador
/wiki/Gudie_Hutchings	Gudie Hutchings	Liberal	/wiki/Long_Range_Mountains_(electoral_district)	Long Range Mountains
/wiki/Jack_Harris_(Newfoundland_and_Labrador_politician)	Jack Harris	/wiki/New_Democratic_Party	New Democratic	/wiki/St._John%27s_East	St. John's East
/wiki/Seamus_O%27Regan	Seamus O'Regan	Liberal	/wiki/St._John%27s_South%E2%80%94Mount_Pearl	St. John's South�Mount Pearl
/wiki/Mike_Kelloway	Mike Kelloway	/wiki/Liberal_Party_of_Canada	Liberal	/wiki/Cape_Breton%E2%80%94Canso	Cape Breton�Canso
/wiki/Sean_Fraser_(politician)	Sean Fraser	Liberal	/wiki/Central_Nova	Central Nova
/wiki/Lenore_Zann	Lenore Zann	Liberal	/wiki/Cumberland%E2%80%94Colchester	Cumberland�Colchester
/wiki/Darren_Fisher	Darren Fisher	Liberal	/wiki/Dartmouth%E2%80%94Cole_Harbour	Dartmouth�Cole Harbour
/wiki/Andy_Fillmore	Andy Fillmore	Liberal	/wiki/Halifax_(electoral_district)	Halifax
/wiki/Geoff_Regan	Geoff Regan	Liberal	/wiki/Halifax_West	Halifax West
/wiki/Kody_Blois	Kody Blois	Liberal	/wiki/Kings%E2%80%94Hants	Kings�Hants
/wiki/Darrell_Samson	Darrell Samson	Liberal	/wiki/Sackville%E2%80%94Preston%E2%80%94Chezzetcook	Sackville�Preston�Chezzetcook
/wiki/Bernadette_Jordan	Bernadette Jordan	Liberal	/wiki/South_Shore%E2%80%94St._Margaret%27s" class="mw-redirect	South Shore�St. Margaret's
/wiki/Jaime_Battiste	Jaime Battiste	Liberal	/wiki/Sydney%E2%80%94Victoria	Sydney�Victoria
/wiki/Chris_d%27Entremont	Chris d'Entremont	/wiki/Conservative_Party_of_Canada	Conservative
/wiki/West_Nova	West Nova	/wiki/Mark_Holland	Mark Holland	/wiki/Liberal_Party_of_Canada	Liberal	/wiki/Ajax_(electoral_district)	Ajax
/wiki/Carol_Hughes_(politician)	Carol Hughes	/wiki/New_Democratic_Party	New Democratic	/wiki/Algoma%E2%80%94Manitoulin%E2%80%94Kapuskasing	Algoma�Manitoulin�Kapuskasing
/wiki/Leona_Alleslev	Leona Alleslev	/wiki/Conservative_Party_of_Canada	Conservative	/wiki/Aurora%E2%80%94Oak_Ridges%E2%80%94Richmond_Hill	Aurora�Oak Ridges�Richmond Hill
/wiki/John_Brassard	John Brassard	Conservative	/wiki/Barrie%E2%80%94Innisfil	Barrie�Innisfil
/wiki/Doug_Shipley	Doug Shipley	Conservative	/wiki/Barrie%E2%80%94Springwater%E2%80%94Oro-Medonte	Barrie�Springwater�Oro-Medonte
/wiki/Neil_Ellis_(politician)	Neil Ellis	Liberal	/wiki/Bay_of_Quinte_(electoral_district)	Bay of Quinte
/wiki/Nathaniel_Erskine-Smith	Nathaniel Erskine-Smith	Liberal	/wiki/Beaches%E2%80%94East_York	Beaches�East York
/wiki/Maninder_Sidhu	Maninder Sidhu	Independent	/wiki/Brampton_East	Brampton East
/wiki/Ruby_Sahota	Ruby Sahota	Liberal	/wiki/Brampton_North	Brampton North
/wiki/Sonia_Sidhu	Sonia Sidhu	Liberal	/wiki/Brampton_South	Brampton South
/wiki/Kamal_Khera	Kamal Khera	Liberal	/wiki/Brampton_West	Brampton West
/wiki/Phil_McColeman	Phil McColeman	Conservative	/wiki/Brantford%E2%80%94Brant	Brantford�Brant
/wiki/Alex_Ruff	Alex Ruff	Conservative	/wiki/Bruce%E2%80%94Grey%E2%80%94Owen_Sound	Bruce�Grey�Owen Sound
/wiki/Karina_Gould	Karina Gould	Liberal	/wiki/Burlington_(electoral_district)	Burlington
/wiki/Bryan_May	Bryan May	Liberal	/wiki/Cambridge_(electoral_district)	Cambridge
/wiki/Pierre_Poilievre	Pierre Poilievre	Conservative	/wiki/Carleton_(Ontario_electoral_district)	Carleton
/wiki/Dave_Epp	Dave Epp	Conservative	/wiki/Chatham-Kent%E2%80%94Leamington	Chatham-Kent�Leamington
/wiki/Julie_Dzerowicz	Julie Dzerowicz	Liberal	/wiki/Davenport_(electoral_district)	Davenport
/wiki/Yasmin_Ratansi	Yasmin Ratansi	Independent	/wiki/Don_Valley_East	Don Valley East
/wiki/Han_Dong_(politician)	Han Dong	Liberal	/wiki/Don_Valley_North	Don Valley North
/wiki/Rob_Oliphant	Rob Oliphant	Liberal	/wiki/Don_Valley_West	Don Valley West
/wiki/Kyle_Seeback	Kyle Seeback	Conservative	/wiki/Dufferin%E2%80%94Caledon	Dufferin�Caledon
/wiki/Erin_O%27Toole	Erin O'Toole	Conservative	/wiki/Durham_(electoral_district)	Durham
/wiki/Marco_Mendicino	Marco Mendicino	Liberal	/wiki/Eglinton%E2%80%94Lawrence	Eglinton�Lawrence
/wiki/Karen_Vecchio	Karen Vecchio	Conservative	/wiki/Elgin%E2%80%94Middlesex%E2%80%94London	Elgin�Middlesex�London
/wiki/Chris_Lewis_(politician)	Chris Lewis	Conservative	/wiki/Essex_(electoral_district)	Essex
/wiki/Yvan_Baker	Yvan Baker	Liberal	/wiki/Etobicoke_Centre_(electoral_district)	Etobicoke Centre
/wiki/James_Maloney_(Canadian_politician)	James Maloney	Liberal	/wiki/Etobicoke%E2%80%94Lakeshore	Etobicoke�Lakeshore
/wiki/Kirsty_Duncan	Kirsty Duncan	Liberal	/wiki/Etobicoke_North	Etobicoke North
/wiki/David_Sweet	David Sweet	Conservative	/wiki/Flamborough%E2%80%94Glanbrook	Flamborough�Glanbrook
/wiki/Francis_Drouin	Francis Drouin	Liberal	/wiki/Glengarry%E2%80%94Prescott%E2%80%94Russell	Glengarry�Prescott�Russell
/wiki/Lloyd_Longfield	Lloyd Longfield	Liberal	/wiki/Guelph_(electoral_district)	Guelph
/wiki/Diane_Finley	Diane Finley	Conservative	/wiki/Haldimand%E2%80%94Norfolk	Haldimand�Norfolk	
/wiki/Jamie_Schmale	Jamie Schmale	Conservative	/wiki/Haliburton%E2%80%94Kawartha_Lakes%E2%80%94Brock	Haliburton�Kawartha Lakes�Brock
/wiki/Matthew_Green_(Canadian_politician)	Matthew Green	New Democratic	/wiki/Hamilton_Centre	Hamilton Centre
/wiki/Bob_Bratina	Bob Bratina	Liberal	/wiki/Hamilton_East%E2%80%94Stoney_Creek	Hamilton East�Stoney Creek
/wiki/Scott_Duvall	Scott Duvall	New Democratic	/wiki/Hamilton_Mountain	Hamilton Mountain
/wiki/Filomena_Tassi	Filomena Tassi	Liberal	/wiki/Hamilton_West%E2%80%94Ancaster%E2%80%94Dundas	Hamilton West�Ancaster�Dundas
/wiki/Derek_Sloan	Derek Sloan	Independent	/wiki/Hastings%E2%80%94Lennox_and_Addington	Hastings�Lennox and Addington
/wiki/Judy_Sgro	Judy Sgro	Liberal	/wiki/Humber_River%E2%80%94Black_Creek	Humber River�Black Creek
/wiki/Ben_Lobb	Ben Lobb	Conservative	/wiki/Huron%E2%80%94Bruce	Huron�Bruce
/wiki/Karen_McCrimmon	Karen McCrimmon	Liberal	/wiki/Kanata%E2%80%94Carleton	Kanata�Carleton
/wiki/Eric_Melillo	Eric Melillo	Conservative	/wiki/Kenora_(electoral_district)	Kenora
/wiki/Deb_Schulte	Deb Schulte	Liberal	/wiki/King%E2%80%94Vaughan	King�Vaughan
/wiki/Mark_Gerretsen	Mark Gerretsen	Liberal	/wiki/Kingston_and_the_Islands	Kingston and the Islands
/wiki/Raj_Saini	Raj Saini	Liberal	/wiki/Kitchener_Centre	Kitchener Centre
/wiki/Tim_Louis_(Ontario_politician)	Tim Louis	Liberal	/wiki/Kitchener%E2%80%94Conestoga	Kitchener�Conestoga
/wiki/Marwan_Tabbara	Independent	Marwan Tabbara	/wiki/Kitchener_South%E2%80%94Hespeler	Kitchener South�Hespeler
/wiki/Lianne_Rood	Lianne Rood	Conservative	/wiki/Lambton%E2%80%94Kent%E2%80%94Middlesex	Lambton�Kent�Middlesex
/wiki/Scott_Reid_(politician)	Scott Reid	Conservative	/wiki/Lanark%E2%80%94Frontenac%E2%80%94Kingston	Lanark�Frontenac�Kingston
/wiki/Michael_Barrett_(Canadian_politician)	Michael Barrett	Conservative	/wiki/Leeds%E2%80%94Grenville%E2%80%94Thousand_Islands_and_Rideau_Lakes	Leeds�Grenville�Thousand Islands and Rideau Lakes
/wiki/Lindsay_Mathyssen	Lindsay Mathyssen	New Democratic	/wiki/London%E2%80%94Fanshawe	London�Fanshawe
/wiki/Peter_Fragiskatos	Peter Fragiskatos	Liberal	/wiki/London_North_Centre	London North Centre
/wiki/Kate_Young_(politician)	Kate Young	Liberal	/wiki/London_West	London West
/wiki/Helena_Jaczek	Helena Jaczek	Liberal	/wiki/Markham%E2%80%94Stouffville	Markham�Stouffville
/wiki/Mary_Ng	Mary Ng	Liberal	/wiki/Markham%E2%80%94Thornhill	Markham�Thornhill
/wiki/Bob_Saroya	Bob Saroya	Conservative	/wiki/Markham%E2%80%94Unionville	Markham�Unionville
/wiki/Adam_van_Koeverden	Adam van Koeverden	Liberal	/wiki/Milton_(electoral_district)	Milton
/wiki/Omar_Alghabra	Omar Alghabra	Liberal	/wiki/Mississauga_Centre	Mississauga Centre
/wiki/Peter_Fonseca	Peter Fonseca	Liberal	/wiki/Mississauga_East%E2%80%94Cooksville	Mississauga East�Cooksville
/wiki/Iqra_Khalid	Iqra Khalid	Liberal	/wiki/Mississauga%E2%80%94Erin_Mills	Mississauga�Erin Mills
/wiki/Sven_Spengemann	Sven Spengemann	Liberal	/wiki/Mississauga%E2%80%94Lakeshore	Mississauga�Lakeshore
/wiki/Navdeep_Bains	Navdeep Bains	Liberal	/wiki/Mississauga%E2%80%94Malton	Mississauga�Malton
/wiki/Gagan_Sikand	Gagan Sikand	Liberal	/wiki/Mississauga%E2%80%94Streetsville	Mississauga�Streetsville
/wiki/Chandra_Arya	Chandra Arya	Liberal	/wiki/Nepean_(electoral_district)	Nepean
/wiki/Tony_Van_Bynen	Tony Van Bynen	Liberal	/wiki/Newmarket%E2%80%94Aurora	Newmarket�Aurora
/wiki/Vance_Badawey	Vance Badawey	Liberal	/wiki/Niagara_Centre	Niagara Centre
/wiki/Tony_Baldinelli	Tony Baldinelli	Conservative	/wiki/Niagara_Falls_(electoral_district)	Niagara Falls
/wiki/Dean_Allison	Dean Allison	Conservative	/wiki/Niagara_West	Niagara West
/wiki/Marc_Serr%C3%A9	Marc Serr�	Liberal	/wiki/Nickel_Belt	Nickel Belt
/wiki/Anthony_Rota	Anthony Rota	Liberal	/wiki/Nipissing%E2%80%94Timiskaming	Nipissing�Timiskaming
/wiki/Philip_Lawrence_(politician)	Philip Lawrence	Conservative	/wiki/Northumberland%E2%80%94Peterborough_South	Northumberland�Peterborough South
/wiki/Anita_Anand	Anita Anand	Liberal	/wiki/Oakville_(electoral_district)	Oakville
/wiki/Pam_Damoff	Pam Damoff	Liberal	/wiki/Oakville_North%E2%80%94Burlington	Oakville North�Burlington
/wiki/Marie-France_Lalonde	Marie-France Lalonde	Liberal	/wiki/Orl%C3%A9ans_(electoral_district)	Orl�ans
/wiki/Colin_Carrie	Colin Carrie	Conservative	/wiki/Oshawa_(electoral_district)	Oshawa
/wiki/Catherine_McKenna	Catherine McKenna	Liberal	/wiki/Ottawa_Centre	Ottawa Centre
/wiki/David_McGuinty	David McGuinty	Liberal	/wiki/Ottawa_South	Ottawa South
/wiki/Mona_Fortier	Mona Fortier	Liberal	/wiki/Ottawa%E2%80%94Vanier	Ottawa�Vanier
/wiki/Anita_Vandenbeld	Anita Vandenbeld	Liberal	/wiki/Ottawa_West%E2%80%94Nepean	Ottawa West�Nepean
/wiki/Dave_MacKenzie_(politician)	Dave MacKenzie	Conservative	/wiki/Oxford_(electoral_district)	Oxford
/wiki/Arif_Virani	Arif Virani	Liberal	/wiki/Parkdale%E2%80%94High_Park	Parkdale�High Park
/wiki/Scott_Aitchison	Scott Aitchison	Conservative	/wiki/Parry_Sound%E2%80%94Muskoka	Parry Sound�Muskoka
/wiki/John_Nater	John Nater	Conservative	/wiki/Perth%E2%80%94Wellington	Perth�Wellington
/wiki/Maryam_Monsef	Maryam Monsef	Liberal	/wiki/Peterborough%E2%80%94Kawartha	Peterborough�Kawartha
/wiki/Jennifer_O%27Connell	Jennifer O'Connell	Liberal	/wiki/Pickering%E2%80%94Uxbridge	Pickering�Uxbridge
/wiki/Cheryl_Gallant	Cheryl Gallant	Conservative	/wiki/Renfrew%E2%80%94Nipissing%E2%80%94Pembroke	Renfrew�Nipissing�Pembroke
/wiki/Majid_Jowhari	Majid Jowhari	Liberal	/wiki/Richmond_Hill_(electoral_district)	Richmond Hill
/wiki/Chris_Bittle	Chris Bittle	Liberal	/wiki/St._Catharines_(electoral_district)	St. Catharines
/wiki/Marilyn_Gladu	Marilyn Gladu	Conservative	/wiki/Sarnia%E2%80%94Lambton	Sarnia�Lambton
/wiki/Terry_Sheehan	Terry Sheehan	Liberal	/wiki/Sault_Ste._Marie_(electoral_district)	Sault Ste. Marie
/wiki/Jean_Yip	Jean Yip	Liberal	/wiki/Scarborough%E2%80%94Agincourt	Scarborough�Agincourt
/wiki/Salma_Zahid	Salma Zahid	Liberal	/wiki/Scarborough_Centre_(electoral_district)	Scarborough Centre
/wiki/John_McKay_(politician)	John McKay	Liberal	/wiki/Scarborough%E2%80%94Guildwood	Scarborough�Guildwood
/wiki/Shaun_Chen_(politician)	Shaun Chen	Liberal	/wiki/Scarborough_North_(electoral_district)	Scarborough North
/wiki/Gary_Anandasangaree	Gary Anandasangaree	Liberal	/wiki/Scarborough%E2%80%94Rouge_Park	Scarborough�Rouge Park
/wiki/Bill_Blair_(politician)	Bill Blair	Liberal	/wiki/Scarborough_Southwest	Scarborough Southwest
/wiki/Terry_Dowdall	Terry Dowdall	Conservative	/wiki/Simcoe%E2%80%94Grey	Simcoe�Grey
/wiki/Bruce_Stanton	Bruce Stanton	Conservative	/wiki/Simcoe_North	Simcoe North
/wiki/Adam_Vaughan	Adam Vaughan	Liberal	/wiki/Spadina%E2%80%94Fort_York	Spadina�Fort York
/wiki/Eric_Duncan_(politician)	Eric Duncan	Conservative	/wiki/Stormont%E2%80%94Dundas%E2%80%94South_Glengarry	Stormont�Dundas�South Glengarry
/wiki/Paul_Lefebvre	Paul Lefebvre	Liberal	/wiki/Sudbury_(electoral_district)	Sudbury
/wiki/Peter_Kent	Peter Kent	Conservative	/wiki/Thornhill_(electoral_district)	Thornhill
/wiki/Marcus_Powlowski	Marcus Powlowski	Liberal	/wiki/Thunder_Bay%E2%80%94Rainy_River	Thunder Bay�Rainy River
/wiki/Patty_Hajdu	Patty Hajdu	Liberal	/wiki/Thunder_Bay%E2%80%94Superior_North	Thunder Bay�Superior North
/wiki/Charlie_Angus	Charlie Angus	New Democratic	/wiki/Timmins%E2%80%94James_Bay	Timmins�James Bay
/wiki/Marci_Ien	Marci Ien	Liberal	/wiki/Toronto_Centre	Toronto Centre	
/wiki/Julie_Dabrusin	Julie Dabrusin	Liberal	/wiki/Toronto%E2%80%94Danforth	Toronto�Danforth
/wiki/Carolyn_Bennett	Carolyn Bennett	Liberal	/wiki/Toronto%E2%80%94St._Paul%27s	Toronto�St. Paul's
/wiki/Chrystia_Freeland	Chrystia Freeland	Liberal	/wiki/University%E2%80%94Rosedale	University�Rosedale
/wiki/Francesco_Sorbara	Francesco Sorbara	Liberal	/wiki/Vaughan%E2%80%94Woodbridge	Vaughan�Woodbridge
/wiki/Bardish_Chagger	Bardish Chagger	Liberal	/wiki/Waterloo_(electoral_district)	Waterloo
/wiki/Michael_Chong	Michael Chong	Conservative	/wiki/Wellington%E2%80%94Halton_Hills	Wellington�Halton Hills
/wiki/Ryan_Turnbull_(politician)	Ryan Turnbull	Liberal	/wiki/Whitby_(electoral_district)	Whitby
/wiki/Ali_Ehsassi	Ali Ehsassi	Liberal	/wiki/Willowdale_(electoral_district)	Willowdale
/wiki/Irek_Kusmierczyk	Irek Kusmierczyk	Liberal	/wiki/Windsor%E2%80%94Tecumseh	Windsor�Tecumseh
/wiki/Brian_Masse	Brian Masse	New Democratic	/wiki/Windsor_West	Windsor West
/wiki/Ya%27ara_Saks	Ya'ara Saks	Liberal	/wiki/York_Centre	York Centre
/wiki/Scot_Davidson	Scot Davidson	Conservative	/wiki/York%E2%80%94Simcoe	York�Simcoe
/wiki/Ahmed_Hussen	Ahmed Hussen	Liberal	/wiki/York_South%E2%80%94Weston	York South�Weston
/wiki/Lawrence_MacAulay	Lawrence MacAulay	Liberal	/wiki/Cardigan_(electoral_district)	Cardigan
/wiki/Sean_Casey_(Canadian_politician)	Sean Casey	Liberal	/wiki/Charlottetown_(electoral_district)	Charlottetown
/wiki/Bobby_Morrissey	Bobby Morrissey	Liberal	/wiki/Egmont_(electoral_district)	Egmont
/wiki/Wayne_Easter	Wayne Easter	Liberal	/wiki/Malpeque_(electoral_district)	Malpeque
/wiki/Sylvie_B%C3%A9rub%C3%A9	Sylvie B�rub�	/wiki/Bloc_Qu%C3%A9b%C3%A9cois	Bloc Qu�b�cois	/wiki/Abitibi%E2%80%94Baie-James%E2%80%94Nunavik%E2%80%94Eeyou	Abitibi�Baie-James�Nunavik�Eeyou
/wiki/S%C3%A9bastien_Lemire	S�bastien Lemire	Bloc Qu�b�cois	/wiki/Abitibi%E2%80%94T%C3%A9miscamingue	Abitibi�T�miscamingue
/wiki/M%C3%A9lanie_Joly	M�lanie Joly	/wiki/Liberal_Party_of_Canada	Liberal	/wiki/Ahuntsic-Cartierville_(electoral_district)	Ahuntsic-Cartierville
/wiki/Angelo_Iacono	Angelo Iacono	Liberal	/wiki/Alfred-Pellan_(electoral_district)" class="mw-redirect	Alfred-Pellan
/wiki/St%C3%A9phane_Lauzon	St�phane Lauzon	Liberal	/wiki/Argenteuil%E2%80%94La_Petite-Nation	Argenteuil�La Petite-Nation
/wiki/Kristina_Michaud	Kristina Michaud	Bloc Qu�b�cois	/wiki/Avignon%E2%80%94La_Mitis%E2%80%94Matane%E2%80%94Matap%C3%A9dia	Avignon�La Mitis�Matane�Matap�dia
/wiki/Richard_Lehoux	Richard Lehoux	/wiki/Conservative_Party_of_Canada	Conservative	/wiki/Beauce_(electoral_district)	Beauce
/wiki/Caroline_Desbiens	Caroline Desbiens	Bloc Qu�b�cois	/wiki/Beauport%E2%80%94C%C3%B4te-de-Beaupr%C3%A9%E2%80%94%C3%8Ele_d%27Orl%C3%A9ans%E2%80%94Charlevoix	Beauport�C�te-de-Beaupr��le d'Orl�ans�Charlevoix
/wiki/Julie_Vignola	Julie Vignola	Bloc Qu�b�cois	/wiki/Beauport%E2%80%94Limoilou	Beauport�Limoilou
/wiki/Louis_Plamondon	Louis Plamondon	Bloc Qu�b�cois	/wiki/B%C3%A9cancour%E2%80%94Nicolet%E2%80%94Saurel	B�cancour�Nicolet�Saurel
/wiki/Steven_Blaney	Steven Blaney	Conservative	/wiki/Bellechasse%E2%80%94Les_Etchemins%E2%80%94L%C3%A9vis	Bellechasse�Les Etchemins�L�vis
/wiki/Yves-Fran%C3%A7ois_Blanchet	Yves-Fran�ois Blanchet	Bloc Qu�b�cois	/wiki/Beloeil%E2%80%94Chambly	Beloeil�Chambly
/wiki/Yves_Perron	Yves Perron	Bloc Qu�b�cois	/wiki/Berthier%E2%80%94Maskinong%C3%A9	Berthier�Maskinong�
/wiki/Emmanuel_Dubourg	Emmanuel Dubourg	Liberal	/wiki/Bourassa_(electoral_district)	Bourassa
/wiki/Lyne_Bessette	Lyne Bessette	Liberal	/wiki/Brome%E2%80%94Missisquoi	Brome�Missisquoi
/wiki/Alexandra_Mend%C3%A8s	Alexandra Mend�s	Liberal	/wiki/Brossard%E2%80%94Saint-Lambert	Brossard�Saint-Lambert
/wiki/Pierre_Paul-Hus	Pierre Paul-Hus	Conservative	/wiki/Charlesbourg%E2%80%94Haute-Saint-Charles	Charlesbourg�Haute-Saint-Charles
/wiki/Brenda_Shanahan_(politician)	Brenda Shanahan	Liberal	/wiki/Ch%C3%A2teauguay%E2%80%94Lacolle	Ch�teauguay�Lacolle
/wiki/Richard_Martel	Richard Martel	Conservative	/wiki/Chicoutimi%E2%80%94Le_Fjord	Chicoutimi�Le Fjord
/wiki/Marie-Claude_Bibeau	Marie-Claude Bibeau	Liberal	/wiki/Compton%E2%80%94Stanstead	Compton�Stanstead
/wiki/Anju_Dhillon	Anju Dhillon	Liberal	/wiki/Dorval%E2%80%94Lachine%E2%80%94LaSalle	Dorval�Lachine�LaSalle
/wiki/Martin_Champoux	Martin Champoux	Bloc Qu�b�cois	/wiki/Drummond_(electoral_district)	Drummond
/wiki/Diane_Lebouthillier	Diane Lebouthillier	Liberal	/wiki/Gasp%C3%A9sie%E2%80%94Les_%C3%8Eles-de-la-Madeleine	Gasp�sie�Les �les-de-la-Madeleine
/wiki/Steven_MacKinnon	Steven MacKinnon	Liberal	/wiki/Gatineau_(electoral_district)	Gatineau
/wiki/Soraya_Martinez_Ferrada	Soraya Martinez Ferrada	Liberal	/wiki/Hochelaga_(electoral_district)	Hochelaga
/wiki/Pablo_Rodr%C3%ADguez_(Canadian_politician)	Pablo Rodr�guez	Liberal	/wiki/Honor%C3%A9-Mercier_(electoral_district)	Honor�-Mercier
/wiki/Greg_Fergus	Greg Fergus	Liberal	/wiki/Hull%E2%80%94Aylmer	Hull�Aylmer
/wiki/Gabriel_Ste-Marie	Gabriel Ste-Marie	Bloc Qu�b�cois/wiki/Joliette_(electoral_district)	Joliette
/wiki/Mario_Simard	Mario Simard	Bloc Qu�b�cois	/wiki/Jonqui%C3%A8re_(electoral_district)	Jonqui�re
/wiki/Mario_Beaulieu	Mario Beaulieu	Bloc Qu�b�cois	/wiki/La_Pointe-de-l%27%C3%8Ele	La Pointe-de-l'�le
/wiki/Alain_Therrien	Alain Therrien	Bloc Qu�b�cois	/wiki/La_Prairie_(electoral_district)	La Prairie
/wiki/Alexis_Brunelle-Duceppe	Alexis Brunelle-Duceppe	Bloc Qu�b�cois	/wiki/Lac-Saint-Jean	Lac-Saint-Jean
/wiki/Francis_Scarpaleggia	Francis Scarpaleggia	Liberal	/wiki/Lac-Saint-Louis_(electoral_district)	Lac-Saint-Louis
/wiki/David_Lametti	David Lametti	Liberal	/wiki/LaSalle%E2%80%94%C3%89mard%E2%80%94Verdun	LaSalle��mard�Verdun
/wiki/Marie-H%C3%A9l%C3%A8ne_Gaudreau	Marie-H�l�ne Gaudreau	Bloc Qu�b�cois	/wiki/Laurentides%E2%80%94Labelle	Laurentides�Labelle
/wiki/Steven_Guilbeault	Steven Guilbeault	Liberal	/wiki/Laurier%E2%80%94Sainte-Marie	Laurier�Sainte-Marie
/wiki/Fay%C3%A7al_El-Khoury	Fay�al El-Khoury	Liberal	/wiki/Laval%E2%80%94Les_%C3%8Eles	Laval�Les �les
/wiki/Jacques_Gourde	Jacques Gourde	Conservative	/wiki/L%C3%A9vis%E2%80%94Lotbini%C3%A8re	L�vis�Lotbini�re
/wiki/Sherry_Romanado	Sherry Romanado	Liberal	/wiki/Longueuil%E2%80%94Charles-LeMoyne	Longueuil�Charles-LeMoyne
/wiki/Denis_Trudel	Denis Trudel	Bloc Qu�b�cois	/wiki/Longueuil%E2%80%94Saint-Hubert	Longueuil�Saint-Hubert
/wiki/Jo%C3%ABl_Lightbound	Jo�l Lightbound	Liberal	/wiki/Louis-H%C3%A9bert" class="mw-redirect	Louis-H�bert
/wiki/G%C3%A9rard_Deltell	G�rard Deltell	Conservative	/wiki/Louis-Saint-Laurent_(electoral_district)	Louis-Saint-Laurent
/wiki/Maril%C3%A8ne_Gill	Maril�ne Gill	Bloc Qu�b�cois	/wiki/Manicouagan_(electoral_district)	Manicouagan
/wiki/Yves_Robillard	Yves Robillard	Liberal	/wiki/Marc-Aur%C3%A8le-Fortin_(electoral_district)	Marc-Aur�le-Fortin
/wiki/Luc_Berthold	Luc Berthold	Conservative	/wiki/M%C3%A9gantic%E2%80%94L%27%C3%89rable	M�gantic�L'�rable
/wiki/Simon_Marcil	Simon Marcil	Bloc Qu�b�cois	/wiki/Mirabel_(electoral_district)	Mirabel
/wiki/St%C3%A9phane_Bergeron	St�phane Bergeron	Bloc Qu�b�cois	/wiki/Montarville	Montarville
/wiki/Luc_Th%C3%A9riault	Luc Th�riault	Bloc Qu�b�cois	/wiki/Montcalm_(electoral_district)	Montcalm
/wiki/Bernard_G%C3%A9n%C3%A9reux	Bernard G�n�reux	Conservative	/wiki/Montmagny%E2%80%94L%27Islet%E2%80%94Kamouraska%E2%80%94Rivi%C3%A8re-du-Loup	Montmagny�L'Islet�Kamouraska�Rivi�re-du-Loup
/wiki/Anthony_Housefather	Anthony Housefather	Liberal	/wiki/Mount_Royal_(electoral_district)	Mount Royal
/wiki/Marc_Garneau	Marc Garneau	Liberal	/wiki/Notre-Dame-de-Gr%C3%A2ce%E2%80%94Westmount	Notre-Dame-de-Gr�ce�Westmount
/wiki/Rachel_Bendayan	Rachel Bendayan	Liberal	/wiki/Outremont_(electoral_district)	Outremont
/wiki/Justin_Trudeau	Justin Trudeau	Liberal	/wiki/Papineau_(electoral_district)	Papineau
/wiki/Xavier_Barsalou-Duval	Xavier Barsalou-Duval	Bloc Qu�b�cois	/wiki/Pierre-Boucher%E2%80%94Les_Patriotes%E2%80%94Verch%C3%A8res	Pierre-Boucher�Les Patriotes�Verch�res
/wiki/Sameer_Zuberi_(politician)	Sameer Zuberi	Liberal	/wiki/Pierrefonds%E2%80%94Dollard	Pierrefonds�Dollard
/wiki/Will_Amos	Will Amos	Liberal	/wiki/Pontiac_(electoral_district)	Pontiac
/wiki/Jo%C3%ABl_Godin	Jo�l Godin	Conservative	/wiki/Portneuf%E2%80%94Jacques-Cartier	Portneuf�Jacques-Cartier
/wiki/Jean-Yves_Duclos	Jean-Yves Duclos	Liberal	/wiki/Qu%C3%A9bec_(electoral_district)	Qu�bec
/wiki/Monique_Pauz%C3%A9	Monique Pauz�	Bloc Qu�b�cois	/wiki/Repentigny_(electoral_district)	Repentigny
/wiki/Alain_Rayes	Alain Rayes	Conservative	/wiki/Richmond%E2%80%94Arthabaska	Richmond�Arthabaska
/wiki/Maxime_Blanchette-Joncas	Maxime Blanchette-Joncas	Bloc Qu�b�cois	/wiki/Rimouski-Neigette%E2%80%94T%C3%A9miscouata%E2%80%94Les_Basques	Rimouski-Neigette�T�miscouata�Les Basques
/wiki/Luc_Desilets	Luc Desilets	Bloc Qu�b�cois	/wiki/Rivi%C3%A8re-des-Mille-%C3%8Eles_(electoral_district)	Rivi�re-des-Mille-�les
/wiki/Rh%C3%A9al_Fortin	Rh�al Fortin	Bloc Qu�b�cois	/wiki/Rivi%C3%A8re-du-Nord_(electoral_district)	Rivi�re-du-Nord
/wiki/Alexandre_Boulerice	Alexandre Boulerice	/wiki/New_Democratic_Party	New Democratic	/wiki/Rosemont%E2%80%94La_Petite-Patrie	Rosemont�La Petite-Patrie
/wiki/Simon-Pierre_Savard-Tremblay	Simon-Pierre Savard-Tremblay	Bloc Qu�b�cois	/wiki/Saint-Hyacinthe%E2%80%94Bagot	Saint-Hyacinthe�Bagot
/wiki/Christine_Normandin	Christine Normandin	Bloc Qu�b�cois	/wiki/Saint-Jean_(electoral_district)	Saint-Jean
/wiki/Emmanuella_Lambropoulos	Emmanuella Lambropoulos	Liberal	/wiki/Saint-Laurent_(electoral_district)	Saint-Laurent
/wiki/Patricia_Lattanzio	Patricia Lattanzio	Liberal	/wiki/Saint-L%C3%A9onard%E2%80%94Saint-Michel	Saint-L�onard�Saint-Michel
/wiki/Fran%C3%A7ois-Philippe_Champagne	Fran�ois-Philippe Champagne	Liberal	/wiki/Saint-Maurice%E2%80%94Champlain	Saint-Maurice�Champlain
/wiki/Claude_DeBellefeuille	Claude DeBellefeuille	Bloc Qu�b�cois	/wiki/Salaberry%E2%80%94Suro%C3%AEt	Salaberry�Suro�t
/wiki/Andr%C3%A9anne_Larouche	Andr�anne Larouche	Bloc Qu�b�cois	/wiki/Shefford_(electoral_district)	Shefford
/wiki/%C3%89lisabeth_Bri%C3%A8re	�lisabeth Bri�re	Liberal	/wiki/Sherbrooke_(electoral_district)	Sherbrooke
/wiki/Michel_Boudrias	Michel Boudrias	Bloc Qu�b�cois	/wiki/Terrebonne_(electoral_district)	Terrebonne
/wiki/Louise_Chabot	Louise Chabot	Bloc Qu�b�cois	/wiki/Th%C3%A9r%C3%A8se-De_Blainville	Th�r�se-De Blainville
/wiki/Louise_Charbonneau_(politician)	Louise Charbonneau	Bloc Qu�b�cois	/wiki/Trois-Rivi%C3%A8res_(electoral_district)	Trois-Rivi�res
/wiki/Peter_Schiefke	Peter Schiefke	Liberal	/wiki/Vaudreuil%E2%80%94Soulanges	Vaudreuil�Soulanges
/wiki/Marc_Miller_(politician)	Marc Miller	Liberal	/wiki/Ville-Marie%E2%80%94Le_Sud-Ouest%E2%80%94%C3%8Ele-des-S%C5%93urs	Ville-Marie�Le Sud-Ouest��le-des-S�urs
/wiki/Annie_Koutrakis	Annie Koutrakis	Liberal	/wiki/Vimy_(electoral_district)	Vimy
/wiki/Rosemarie_Falk	Rosemarie Falk	Conservative	/wiki/Battlefords%E2%80%94Lloydminster	Battlefords�Lloydminster
/wiki/Kelly_Block	Kelly Block	Conservative	/wiki/Carlton_Trail%E2%80%94Eagle_Creek	Carlton Trail�Eagle Creek
/wiki/Jeremy_Patzer	Jeremy Patzer	Conservative	/wiki/Cypress_Hills%E2%80%94Grasslands	Cypress Hills�Grasslands
/wiki/Gary_Vidal	Gary Vidal	Conservative	/wiki/Desneth%C3%A9%E2%80%94Missinippi%E2%80%94Churchill_River	Desneth�Missinippi�Churchill River
/wiki/Tom_Lukiwski	Tom Lukiwski	Conservative	/wiki/Moose_Jaw%E2%80%94Lake_Centre%E2%80%94Lanigan	Moose Jaw�Lake Centre�Lanigan
/wiki/Randy_Hoback	Randy Hoback	Conservative	/wiki/Prince_Albert_(electoral_district)	Prince Albert
/wiki/Warren_Steinley	Warren Steinley	Conservative	/wiki/Regina%E2%80%94Lewvan	Regina�Lewvan
/wiki/Andrew_Scheer	Andrew Scheer	Conservative	/wiki/Regina%E2%80%94Qu%27Appelle	Regina�Qu'Appelle
/wiki/Michael_Kram	Michael Kram	Conservative	/wiki/Regina%E2%80%94Wascana	Regina�Wascana
/wiki/Kevin_Waugh	Kevin Waugh	Conservative	/wiki/Saskatoon%E2%80%94Grasswood	Saskatoon�Grasswood
/wiki/Corey_Tochor	Corey Tochor	Conservative	/wiki/Saskatoon%E2%80%94University	Saskatoon�University
/wiki/Brad_Redekopp	Brad Redekopp	Conservative	/wiki/Saskatoon_West	Saskatoon West
/wiki/Robert_Kitchen	Robert Kitchen	Conservative	/wiki/Souris%E2%80%94Moose_Mountain	Souris�Moose Mountain
/wiki/Cathay_Wagantall	Cathay Wagantall	Conservative	/wiki/Yorkton%E2%80%94Melville	Yorkton�Melville
/wiki/Michael_McLeod_(politician)	Michael McLeod	/wiki/Liberal_Party_of_Canada	Liberal	/wiki/Northwest_Territories_(electoral_district)	Northwest Territories
/wiki/Mumilaaq_Qaqqaq	Mumilaaq Qaqqaq	/wiki/New_Democratic_Party	New Democratic	/wiki/Nunavut_(electoral_district)	Nunavut
/wiki/Larry_Bagnell	Larry Bagnell	Liberal	/wiki/Yukon_(electoral_district)	Yukon
